Workbook
Name Age: 附页!$Q$5:$S$5
Name ApneaAndHypopneaCount: 附页!$AI$20:$AJ$20
Name ApneaAndHypopneaIndex: 附页!$AH$10:$AJ$10
Name ApneaAndHypopneaTotalTimes: 附页!$AE$20:$AH$20
Name ApneaIndex: 附页!$G$21:$J$21
Name ApneaTotalCount: 附页!$H$12:$I$12
Name ApneaTotalTimes: 附页!$Q$12:$T$12
Name ApneaTurbidIndex: 附页!$Y$21:$AA$21
Name AveBloodOxygenTIB: 附页!$AB$24:$AC$24
Name AveBloodOxygenWake: 附页!$D$24:$E$24
Name AverageSleepHeartRate: 附页!$AE$33:$AJ$33
Name BMI: 附页!$D$7:$F$7
Name CentralApneaTotalCount: 附页!$W$20:$X$20
Name CentralApneaTotalTimes: 附页!$S$20:$V$20
Name CurrentDateTime: 附页!$AK$49:$AK$49
Name DoctorName: 附页!$AG$47:$AJ$47
Name Gender: 附页!$K$5:$M$5
Name Height: 附页!$W$5:$Y$5
Name HypopneaIndex: 附页!$P$21:$R$21
Name HypopneaTotalCount: 附页!$K$20:$L$20
Name HypopneaTotalTimes: 附页!$G$20:$J$20
Name LateralSleepAHTotalCount: 附页!$AI$17:$AJ$17
Name LateralSleepAHTotalTimes: 附页!$AE$17:$AH$17
Name LateralSleepCA: 附页!$W$17:$X$17
Name LateralSleepCATotalTimes: 附页!$S$17:$V$17
Name LateralSleepHYP: 附页!$K$17:$L$17
Name LateralSleepHYPTotalTimes: 附页!$G$17:$J$17
Name LateralSleepMA: 附页!$AC$17:$AD$17
Name LateralSleepMATotalTimes: 附页!$Y$17:$AB$17
Name LateralSleepOA: 附页!$Q$17:$R$17
Name LateralSleepOATotalTimes: 附页!$M$17:$P$17
Name LateralSleepSpo2Than100TotalTimes: 附页!$G$27:$K$27
Name LateralSleepSpo2Than40TotalTimes: 附页!$AK$27
Name LateralSleepSpo2Than50TotalTimes: 附页!$AL$27
Name LateralSleepSpo2Than60TotalTimes: 附页!$AA$27:$AE$27
Name LateralSleepSpo2Than70TotalTimes: 附页!$V$27:$Z$27
Name LateralSleepSpo2Than80TotalTimes: 附页!$Q$27:$U$27
Name LateralSleepSpo2Than90TotalTimes: 附页!$L$27:$P$27
Name MaxApneaDuration: 附页!$R$10:$U$10
Name MaxBloodOxygenTIB: 附页!$T$24:$U$24
Name MaxHypopneaDuration: 附页!$Q$11:$T$11
Name MaxSleepHeartRate: 附页!$G$33:$L$33
Name MinAllApneaBloodOxygen: 附页!$AC$10
Name MinBloodOxygenTIB: 附页!$M$24:$N$24
Name MinBloodOxygenTST: 附页!$J$39:$K$39
Name MinHypopneaBloodOxygen: 附页!$AB$11
Name MinSleepHeartRate: 附页!$S$33:$X$33
Name MixedApneaTotalCount: 附页!$AC$20:$AD$20
Name MixedApneaTotalTimes: 附页!$Y$20:$AB$20
Name ObstructiveApneaTotalCount: 附页!$Q$20:$R$20
Name ObstructiveApneaTotalTimes: 附页!$M$20:$P$20
Name OxygenReduceIndex: 附页!$AH$24:$AJ$24
Name PatientName: 附页!$D$5:$G$5
Name PatientNo: 附页!$O$7:$R$7
Name ProstrateSleepAHTotalCount: 附页!$AI$18:$AJ$18
Name ProstrateSleepAHTotalTimes: 附页!$AE$18:$AH$18
Name ProstrateSleepCA: 附页!$W$18:$X$18
Name ProstrateSleepCATotalTimes: 附页!$S$18:$V$18
Name ProstrateSleepHYP: 附页!$K$18:$L$18
Name ProstrateSleepHYPTotalTimes: 附页!$G$18:$J$18

Sheet 报告页
A1: 浙江大学医学院附属邵逸夫医院
A3: 睡眠呼吸初筛报告
A5: 姓名： | D5: =附页!D5 -> 0 | H5: 性别： | K5: =附页!K5 -> 男 | N5: 年龄： | Q5: =附页!Q5 -> 50 | T5: 身高： | W5: =附页!W5 -> 170 | Z5: cm | AC5: 体重： | AF5: =附页!AF5 -> 91 | AI5: kg
G6: kg/m2
A7: BMI： | D7: =AF5/((W5/100)*(W5/100)) -> 31.487889 | K7: 病历号： | O7: =附页!O7 -> 6057504 | S7: 检查号： | AB7: 检查日期： | AF7: =附页!AF7 -> #VALUE!
A9: 呼吸事件
D10: 最长呼吸暂停发生于 | K10: =附页!K10 -> 0 | O10: ，长度 | R10: =TEXT(附页!R10/86400,"hh:mm:ss") -> 00:08:41 | V10: ，最低血氧饱和度为 | AC10: =附页!AC10 -> 0 | AE10: % | AF10: AHI= | AH10: =附页!AH10 -> 12
D11: 最长低通气发生于 | J11: =附页!J11 -> 0 | N11: ，长度 | Q11: =TEXT(附页!Q11/86400,"hh:mm:ss") -> 00:00:00 | U11: ，最低血氧饱和度为 | AB11: =附页!AB11 -> 0 | AD11: %
D12: 记录中共有 | H12: =附页!H12 -> 0 | J12: 次呼吸暂停，总时间 | Q12: =TEXT(附页!Q12/86400,"hh:mm:ss") -> 00:00:00 | U12: ，占睡眠时间 | Z12: =附页!Z12 -> 0 | AC12: %
D13: 记录中共有 | H13: =附页!H13 -> 0 | J13: 次低通气，总时间 | Q13: =TEXT(附页!Q13/86400,"hh:mm:ss") -> 00:00:00 | U13: ，占睡眠时间 | Z13: =附页!Z13 -> 0 | AC13: %
A15: 时间/次数 | G15: 低通气 | M15: 阻塞型 | S15: 中枢型 | Y15: 混合型 | AE15: 总 计
A16: 仰卧 | G16: =TEXT(附页!G16/86400,"hh:mm:ss")&"/"&附页!K16 -> 00:00:01/20 | M16: =TEXT(附页!M16/86400,"hh:mm:ss")&"/"&附页!Q16 -> 00:00:00/ | S16: =TEXT(附页!S16/86400,"hh:mm:ss")&"/"&附页!W16 -> 00:00:00/ | Y16: =TEXT(附页!Y16/86400,"hh:mm:ss")&"/"&附页!AC16 -> 00:00:00/ | AE16: =TEXT(附页!AE16/86400,"hh:mm:ss")&"/"&附页!AI16 -> 00:00:00/
A17: 侧卧 | G17: =TEXT(附页!G17/86400,"hh:mm:ss")&"/"&附页!K17 -> 00:00:00/ | M17: =TEXT(附页!M17/86400,"hh:mm:ss")&"/"&附页!Q17 -> 00:00:00/ | S17: =TEXT(附页!S17/86400,"hh:mm:ss")&"/"&附页!W17 -> 00:00:00/ | Y17: =TEXT(附页!Y17/86400,"hh:mm:ss")&"/"&附页!AC17 -> 00:00:00/ | AE17: =TEXT(附页!AE17/86400,"hh:mm:ss")&"/"&附页!AI17 -> 00:00:00/
A18: 俯卧 | G18: =TEXT(附页!G18/86400,"hh:mm:ss")&"/"&附页!K18 -> 00:00:00/ | M18: =TEXT(附页!M18/86400,"hh:mm:ss")&"/"&附页!Q18 -> 00:00:00/ | S18: =TEXT(附页!S18/86400,"hh:mm:ss")&"/"&附页!W18 -> 00:00:00/ | Y18: =TEXT(附页!Y18/86400,"hh:mm:ss")&"/"&附页!AC18 -> 00:00:00/ | AE18: =TEXT(附页!AE18/86400,"hh:mm:ss")&"/"&附页!AI18 -> 00:00:00/
A19: 未知 | G19: =TEXT(附页!G19/86400,"hh:mm:ss")&"/"&附页!K19 -> 00:00:00/0 | M19: =TEXT(附页!M19/86400,"hh:mm:ss")&"/"&附页!Q19 -> 00:00:00/0 | S19: =TEXT(附页!S19/86400,"hh:mm:ss")&"/"&附页!W19 -> 00:00:00/0 | Y19: =TEXT(附页!Y19/86400,"hh:mm:ss")&"/"&附页!AC19 -> 00:00:00/0 | AE19: =TEXT(附页!AE19/86400,"hh:mm:ss")&"/"&附页!AI19 -> 00:00:00/0
A20: 总计 | G20: =TEXT(附页!G20/86400,"hh:mm:ss")&"/"&附页!K20 -> 00:00:00/ | M20: =TEXT(附页!M20/86400,"hh:mm:ss")&"/"&附页!Q20 -> 00:00:00/ | S20: =TEXT(附页!S20/86400,"hh:mm:ss")&"/"&附页!W20 -> 00:00:00/ | Y20: =TEXT(附页!Y20/86400,"hh:mm:ss")&"/"&附页!AC20 -> 00:00:00/ | AE20: =TEXT(附页!AE20/86400,"hh:mm:ss")&"/"&附页!AI20 -> 00:00:00/
A21: 呼吸暂停指数： | G21: =附页!G21 -> 0 | K21: 低通气指数： | P21: =附页!P21 -> 0 | S21: 呼吸紊乱指数： | Y21: =附页!Y21 -> 0 | AB21: 鼾声指数： | AH21: =附页!AH21 -> 0
A23: 血氧事件
A24: 醒时： | D24: =附页!D24 -> 0 | F24: % | G24: 最低： | M24: =附页!M24 -> 0 | O24: % | P24: 最高： | T24: =附页!T24 -> 0 | V24: % | W24: 平均： | AB24: =附页!AB24 -> 0 | AD24: % | AE24: ODI= | AH24: =附页!AH24 -> 0
A25: 氧饱和度时间 | G25: 90%-100% | L25: 80%-89% | Q25: 70%-79% | V25: 60%-69% | AA25: 50%-59% | AF25: <50%
A26: 仰卧 | G26: =TEXT(附页!G26/86400,"hh:mm:ss") -> 00:00:00 | L26: =TEXT(附页!L26/86400,"hh:mm:ss") -> 00:00:00 | Q26: =TEXT(附页!Q26/86400,"hh:mm:ss") -> 00:00:00 | V26: =TEXT(附页!V26/86400,"hh:mm:ss") -> 00:00:00 | AA26: =TEXT(附页!AA26/86400,"hh:mm:ss") -> 00:00:00 | AF26: =TEXT(附页!AF26/86400,"hh:mm:ss") -> 00:00:00
A27: 侧卧 | G27: =TEXT(附页!G27/86400,"hh:mm:ss") -> 00:00:00 | L27: =TEXT(附页!L27/86400,"hh:mm:ss") -> 00:00:00 | Q27: =TEXT(附页!Q27/86400,"hh:mm:ss") -> 00:00:00 | V27: =TEXT(附页!V27/86400,"hh:mm:ss") -> 00:00:00 | AA27: =TEXT(附页!AA27/86400,"hh:mm:ss") -> 00:00:00 | AF27: =TEXT(附页!AF27/86400,"hh:mm:ss") -> 00:00:00
A28: 俯卧 | G28: =TEXT(附页!G28/86400,"hh:mm:ss") -> 00:00:00 | L28: =TEXT(附页!L28/86400,"hh:mm:ss") -> 00:00:00 | Q28: =TEXT(附页!Q28/86400,"hh:mm:ss") -> 00:00:00 | V28: =TEXT(附页!V28/86400,"hh:mm:ss") -> 00:00:00 | AA28: =TEXT(附页!AA28/86400,"hh:mm:ss") -> 00:00:00 | AF28: =TEXT(附页!AF28/86400,"hh:mm:ss") -> 00:00:00
A29: 未知 | G29: =TEXT(附页!G29/86400,"hh:mm:ss") -> 00:00:00 | L29: =TEXT(附页!L29/86400,"hh:mm:ss") -> 00:00:00 | Q29: =TEXT(附页!Q29/86400,"hh:mm:ss") -> 00:00:00 | V29: =TEXT(附页!V29/86400,"hh:mm:ss") -> 00:00:00 | AA29: =TEXT(附页!AA29/86400,"hh:mm:ss") -> 00:00:00 | AF29: =TEXT(附页!AF29/86400,"hh:mm:ss") -> 00:00:00
A30: 总计 | G30: =TEXT(附页!G30/86400,"hh:mm:ss") -> 00:00:00 | L30: =TEXT(附页!L30/86400,"hh:mm:ss") -> 00:00:00 | Q30: =TEXT(附页!Q30/86400,"hh:mm:ss") -> 00:00:00 | V30: =TEXT(附页!V30/86400,"hh:mm:ss") -> 00:00:00 | AA30: =TEXT(附页!AA30/86400,"hh:mm:ss") -> 00:00:00 | AF30: =TEXT(附页!AF30/86400,"hh:mm:ss") -> 00:00:00
A32: 心率事件
A33: 最高心率(bmp) | G33: =附页!G33 -> 0 | M33: 最低心率(bmp) | S33: =附页!S33 -> 0 | Y33: 平均心率(bmp) | AE33: =附页!AE33 -> 0
A36: 检 查 所 见
A39: 1 | B39: 最低血氧饱和度降至 | J39: =附页!J39 -> 90 | L39: %。
A41: 2 | B41: AHI = | E41: =AH10 -> 12 | H41: =IF(E41<5,"，基本正常范围。",IF(E41<15,"。",IF(E41<30,"。","。"))) -> 。
A43: 3 | B43: 考虑 | D43: =IF(E41<5,"无",IF(E41<15,"轻度",IF(E41<30,"中度","重度"))) -> 轻度 | F43: 睡眠呼吸暂停 | L43: 合并 | N43: =IF(J39<80%,"重度",IF(J39<85%,"中度",IF(J39<90%,"轻度","无"))) -> 无 | P43: 低氧血症。
AG47: =附页!AG47 -> 吴碧雯
AF49: =附页!AF49 -> #VALUE!

Sheet 附页
A1: 浙江大学医学院附属邵逸夫医院
A3: 睡眠呼吸初筛报告
A5: 姓名： | H5: 性别： | K5: 男 | N5: 年龄： | Q5: 50 | T5: 身高： | W5: 170 | Z5: cm | AC5: 体重： | AF5: 91 | AI5: kg
G6: kg/m2
A7: BMI： | D7: =AF5/((W5/100)*(W5/100)) -> 31.487889 | K7: 病历号： | O7: 6057504 | S7: 检查号： | W7: PS21232 | AB7: 检查日期： | AF7: =LEFT(AK7, FIND(" ",AK7) - 1) -> #VALUE!
A9: 呼吸事件
D10: 最长呼吸暂停发生于 | O10: ，长度 | R10: 521 | V10: ，最低血氧饱和度为 | AD10: % | AE10: AHI= | AH10: 12
D11: 最长低通气发生于 | N11: ，长度 | U11: ，最低血氧饱和度为 | AC11: %
D12: 记录中共有 | J12: 次呼吸暂停，总时间 | U12: ，占睡眠时间 | Z12: =ROUND(Q12/60*100/AK13,2) -> 0 | AC12: %
D13: 记录中共有 | H13: =K20 -> 0 | J13: 次低通气，总时间 | Q13: =G20 -> 0 | U13: ，占睡眠时间 | Z13: =ROUND(Q13/60*100/AK13,2) -> 0 | AC13: % | AK13: 254
A15: 时间/次数 | G15: 低通气 | M15: 阻塞型 | S15: 中枢型 | Y15: 混合型 | AE15: 总 计
A16: 仰卧 | G16: 1 | K16: 20
A17: 侧卧
A18: 俯卧
A19: 未知 | G19: 0 | K19: 0 | M19: 0 | Q19: 0 | S19: 0 | W19: 0 | Y19: 0 | AC19: 0 | AE19: 0 | AI19: 0
A20: 总计
B21: 呼吸暂停指数： | K21: 低通气指数： | S21: 呼吸紊乱指数： | AB21: 鼾声指数：
A23: 血氧事件
A24: 醒时： | F24: % | G24: 最低： | O24: % | P24: 最高： | V24: % | W24: 平均： | AD24: % | AE24: ODI= | AH24: 0
A25: 氧饱和度时间 | G25: 90%-100% | L25: 80%-89% | Q25: 70%-79% | V25: 60%-69% | AA25: 50%-59% | AF25: <50%
A26: 仰卧 | AF26: =SUM(AK26,AL26) -> 0
A27: 侧卧 | AF27: =SUM(AK27,AL27) -> 0
A28: 俯卧 | AF28: =SUM(AK28,AL28) -> 0
A29: 未知 | G29: 0 | L29: 0 | Q29: 0 | V29: 0 | AA29: 0 | AF29: 0
A30: 总计 | AF30: =SUM(AK30,AL30) -> 0
A32: 心率事件
A33: 最高心率(bmp) | G33: 0 | M33: 最低心率(bmp) | S33: 0 | Y33: 平均心率(bmp) | AE33: 0
A36: 检 查 所 见
A39: 1 | B39: 最低血氧饱和度降至 | J39: 90 | L39: % | M39: =IF(J39>=90,"，血氧波动正常范围。","。") -> ，血氧波动正常范围。
A41: 2 | B41: AHI = | E41: =AH10 -> 12 | H41: =IF(E41<5,"，基本正常范围。",IF(E41<15,"。",IF(E41<30,"。","。"))) -> 。
A43: 3 | B43: 考虑 | D43: =IF(E41<5,"无",IF(E41<15,"轻度",IF(E41<30,"中度","重度"))) -> 轻度 | F43: 睡眠呼吸暂停 | L43: 合并 | N43: =IF(J39<80%,"重度",IF(J39<85%,"中度",IF(J39<90%,"轻度","无"))) -> 无 | P43: 低氧血症。
AG47: 吴碧雯
AF49: =LEFT(AK49, FIND(" ",AK49) - 1) -> #VALUE!
